# Host: localhost  (Version 5.5.5-10.4.24-MariaDB)
# Date: 2022-11-28 22:36:49
# Generator: MySQL-Front 6.0  (Build 2.20)


#
# Structure for table "cabang"
#

DROP TABLE IF EXISTS `cabang`;
CREATE TABLE `cabang` (
  `KDCABANG` varchar(255) DEFAULT NULL,
  `NMCABANG` varchar(255) DEFAULT NULL
) ENGINE=MyISAM DEFAULT CHARSET=latin1 ROW_FORMAT=DYNAMIC;

#
# Data for table "cabang"
#

/*!40000 ALTER TABLE `cabang` DISABLE KEYS */;
INSERT INTO `cabang` VALUES ('CB001','YOGYAKARTA'),('CB002','SURABAYA'),('CB003','SEMARANG'),('CB004','JAKARTA'),('CB005','BANDUNG'),('CB006','BOGOR'),('CB007','SERANG');
/*!40000 ALTER TABLE `cabang` ENABLE KEYS */;

#
# Structure for table "gedung"
#

DROP TABLE IF EXISTS `gedung`;
CREATE TABLE `gedung` (
  `KDGEDUNG` varchar(255) DEFAULT NULL,
  `NMGEDUNG` varchar(255) DEFAULT NULL,
  `HARGA` double DEFAULT NULL
) ENGINE=MyISAM DEFAULT CHARSET=latin1;

#
# Data for table "gedung"
#

/*!40000 ALTER TABLE `gedung` DISABLE KEYS */;
INSERT INTO `gedung` VALUES ('GD001','GEDUNG AUDITORIUM',355000),('GD002','GEDUNG THEATER',280000),('GD003','GEDUNG SERBAGUNA',250000),('GD004','GEDUNG RAPAT',225000),('GD005','GEDUNG BIRU',250000),('GD006','GEDUNG PERTEMUAN',250000),('GD007','GRAHA MARDIKA',345000),('GD008','GRAHA MERDEKA',275000),('GD009','GRAHA SENTOSA',225000);
/*!40000 ALTER TABLE `gedung` ENABLE KEYS */;

#
# Structure for table "nota"
#

DROP TABLE IF EXISTS `nota`;
CREATE TABLE `nota` (
  `nonota` varchar(255) DEFAULT NULL,
  `tglnota` date DEFAULT NULL,
  `nosewa` varchar(255) DEFAULT NULL,
  `jmlbayar` double DEFAULT NULL
) ENGINE=MyISAM DEFAULT CHARSET=latin1;

#
# Data for table "nota"
#

/*!40000 ALTER TABLE `nota` DISABLE KEYS */;
INSERT INTO `nota` VALUES ('NT1401001','2014-01-02','SW1401001',710000),('NT1401002','2014-01-02','SW1401002',1120000),('NT1401003','2014-01-03','SW1401003',250000),('NT1401004','2014-01-03','SW1401004',450000),('NT1401005','2014-01-06','SW1401005',500000),('NT1401006','2014-01-06','SW1401006',250000),('NT1401007','2014-01-06','SW1401007',345000),('NT1401008','2014-01-07','SW1401008',550000),('NT1401009','2014-01-08','SW1401009',1125000),('NT1401010','2014-01-09','SW1401010',710000),('NT1401011','2014-01-09','SW1401011',560000),('NT1401012','2014-01-10','SW1401012',250000),('NT1401013','2014-01-13','SW1401013',675000),('NT1401014','2014-01-15','SW1401014',1000000),('NT1401015','2014-01-15','SW1401015',1500000),('NT1401016','2014-01-16','SW1401016',690000),('NT1401017','2014-01-16','SW1401017',1100000),('NT1401018','2014-01-17','SW1401018',225000),('NT1401019','2014-01-20','SW1401019',710000),('NT1401020','2014-01-20','SW1401020',560000),('NT1401021','2014-01-20','SW1401021',250000),('NT1401022','2014-01-21','SW1401022',225000),('NT1401023','2014-01-22','SW1401023',500000),('NT1401024','2014-01-22','SW1401024',1250000),('NT1401025','2014-01-22','SW1401025',690000),('NT1401026','2014-01-23','SW1401026',550000),('NT1401027','2014-01-24','SW1401027',225000),('NT1401028','2014-01-27','SW1401028',1065000),('NT1401029','2014-01-28','SW1401029',1120000),('NT1401030','2014-01-29','SW1401030',1500000),('NT1402001','2014-02-03','SW1402001',450000),('NT1402002','2014-02-03','SW1402002',1000000),('NT1402003','2014-02-03','SW1402003',250000),('NT1402004','2014-02-04','SW1402004',690000),('NT1402005','2014-02-05','SW1402005',550000),('NT1402006','2014-02-06','SW1402006',225000),('NT1402007','2014-02-07','SW1402007',355000),('NT1402008','2014-02-10','SW1402008',560000),('NT1402009','2014-02-10','SW1402009',1250000),('NT1402010','2014-02-11','SW1402010',450000),('NT1402011','2014-02-11','SW1402011',500000),('NT1402012','2014-02-12','SW1402012',250000),('NT1402013','2014-02-13','SW1402013',1035000),('NT1402014','2014-02-14','SW1402014',1100000),('NT1402015','2014-02-14','SW1402015',1350000),('NT1402016','2014-02-17','SW1402016',710000),('NT1402017','2014-02-17','SW1402017',1120000),('NT1402018','2014-02-18','SW1402018',250000),('NT1402019','2014-02-19','SW1402019',450000),('NT1402020','2014-02-20','SW1402020',500000),('NT1402021','2014-02-21','SW1402021',250000),('NT1402022','2014-02-24','SW1402022',345000),('NT1402023','2014-02-24','SW1402023',550000),('NT1402024','2014-02-25','SW1402024',1125000),('NT1402025','2014-02-26','SW1402025',710000),('NT1402026','2014-02-27','SW1402026',560000),('NT1403001','2014-03-02','SW1403001',250000),('NT1403002','2014-03-02','SW1403002',675000),('NT1403003','2014-03-03','SW1403003',1000000),('NT1403004','2014-03-03','SW1403004',1500000),('NT1403005','2014-03-06','SW1403005',690000),('NT1403006','2014-03-06','SW1403006',1100000),('NT1403007','2014-03-06','SW1403007',225000),('NT1403008','2014-03-07','SW1403008',710000),('NT1403009','2014-03-08','SW1403009',560000),('NT1403010','2014-03-09','SW1403010',250000),('NT1403011','2014-03-09','SW1403011',225000),('NT1403012','2014-03-10','SW1403012',500000),('NT1403013','2014-03-13','SW1403013',1250000),('NT1403014','2014-03-15','SW1403014',690000),('NT1403015','2014-03-15','SW1403015',550000),('NT1403016','2014-03-16','SW1403016',225000),('NT1403017','2014-03-16','SW1403017',1065000),('NT1403018','2014-03-17','SW1403018',1120000),('NT1403019','2014-03-20','SW1403019',1500000),('NT1403020','2014-03-20','SW1403020',450000),('NT1403021','2014-03-20','SW1403021',1000000),('NT1403022','2014-03-21','SW1403022',250000),('NT1403023','2014-03-22','SW1403023',690000),('NT1403024','2014-03-22','SW1403024',550000),('NT1403025','2014-03-22','SW1403025',225000),('NT1403026','2014-03-23','SW1403026',355000),('NT1403027','2014-03-24','SW1403027',560000),('NT1403028','2014-03-27','SW1403028',1250000),('NT1403029','2014-03-28','SW1403029',450000),('NT1403030','2014-03-29','SW1403030',500000),('NT1404001','2014-04-03','SW1404001',250000),('NT1404002','2014-04-03','SW1404002',1035000),('NT1404003','2014-04-03','SW1404003',1100000),('NT1404004','2014-04-04','SW1404004',1350000),('NT1404005','2014-04-05','SW1404005',710000),('NT1404006','2014-04-06','SW1404006',1120000),('NT1404007','2014-04-07','SW1404007',250000),('NT1404008','2014-04-10','SW1404008',450000),('NT1404009','2014-04-10','SW1404009',500000),('NT1404010','2014-04-11','SW1404010',250000),('NT1404011','2014-04-11','SW1404011',345000),('NT1404012','2014-04-12','SW1404012',550000),('NT1404013','2014-04-13','SW1404013',1125000),('NT1404014','2014-04-14','SW1404014',710000),('NT1404015','2014-04-14','SW1404015',560000),('NT1404016','2014-04-17','SW1404016',250000),('NT1404017','2014-04-17','SW1404017',675000),('NT1404018','2014-04-18','SW1404018',1000000),('NT1404019','2014-04-19','SW1404019',1500000),('NT1404020','2014-04-20','SW1404020',690000),('NT1404021','2014-04-21','SW1404021',1100000),('NT1404022','2014-04-24','SW1404022',225000),('NT1404023','2014-04-24','SW1404023',710000),('NT1404024','2014-04-25','SW1404024',560000),('NT1404025','2014-04-26','SW1404025',250000),('NT1404026','2014-04-27','SW1404026',225000),('NT1405001','2014-05-01','SW1405001',500000),('NT1405002','2014-05-02','SW1405002',1250000),('NT1405003','2014-05-03','SW1405003',690000),('NT1405004','2014-05-03','SW1405004',550000),('NT1405005','2014-05-06','SW1405005',225000),('NT1405006','2014-05-06','SW1405006',1065000),('NT1405007','2014-05-06','SW1405007',1120000),('NT1405008','2014-05-07','SW1405008',1500000),('NT1405009','2014-05-08','SW1405009',450000),('NT1405010','2014-05-09','SW1405010',1000000),('NT1405011','2014-05-09','SW1405011',250000),('NT1405012','2014-05-10','SW1405012',690000),('NT1405013','2014-05-13','SW1405013',550000),('NT1405014','2014-05-15','SW1405014',225000),('NT1405015','2014-05-15','SW1405015',355000),('NT1405016','2014-05-16','SW1405016',560000),('NT1405017','2014-05-16','SW1405017',1250000),('NT1405018','2014-05-17','SW1405018',450000),('NT1405019','2014-05-20','SW1405019',500000),('NT1405020','2014-05-20','SW1405020',250000),('NT1405021','2014-05-20','SW1405021',1035000),('NT1405022','2014-05-21','SW1405022',1100000),('NT1405023','2014-05-22','SW1405023',1350000),('NT1405024','2014-05-22','SW1405024',710000),('NT1405025','2014-05-22','SW1405025',1120000),('NT1405026','2014-05-23','SW1405026',250000),('NT1405027','2014-05-24','SW1405027',450000),('NT1405028','2014-05-27','SW1405028',500000),('NT1405029','2014-05-28','SW1405029',250000),('NT1405030','2014-05-29','SW1405030',345000),('NT1601001','2016-01-02','SW1601001',550000),('NT1601002','2016-01-03','SW1601002',1125000),('NT1601003','2016-01-05','SW1601003',710000),('NT1605001','2016-01-02','SW1605001',560000),('NT1605002','2016-01-02','SW1605002',250000),('NT1801001','2018-01-02','SW1801001',675000),('NT1801002','2018-01-02','SW1801002',1000000),('NT1801003','2018-01-03','SW1801003',1500000),('NT1801004','2018-01-03','SW1801004',690000),('NT1801005','2018-01-06','SW1801005',1100000),('NT1801006','2018-01-06','SW1801006',225000),('NT1801007','2018-01-06','SW1801007',710000),('NT1801008','2018-01-07','SW1801008',560000),('NT1801009','2018-01-08','SW1801009',250000),('NT1801010','2018-01-09','SW1801010',225000),('NT1801011','2018-01-09','SW1801011',500000),('NT1801012','2018-01-10','SW1801012',1250000),('NT1801013','2018-01-13','SW1801013',690000),('NT1801014','2018-01-15','SW1801014',550000),('NT1801015','2018-01-15','SW1801015',225000),('NT1801016','2018-01-16','SW1801016',1065000),('NT1801017','2018-01-16','SW1801017',1120000),('NT1801018','2018-01-17','SW1801018',1500000),('NT1801019','2018-01-20','SW1801019',450000),('NT1801020','2018-01-20','SW1801020',1000000),('NT1801021','2018-01-20','SW1801021',250000),('NT1801022','2018-01-21','SW1801022',690000),('NT1801023','2018-01-22','SW1801023',550000),('NT1801024','2018-01-22','SW1801024',225000),('NT1801025','2018-01-22','SW1801025',355000),('NT1801026','2018-01-23','SW1801026',560000),('NT1801027','2018-01-24','SW1801027',1250000),('NT1801028','2018-01-27','SW1801028',450000),('NT1801029','2018-01-28','SW1801029',500000),('NT1801030','2018-01-29','SW1801030',250000);
/*!40000 ALTER TABLE `nota` ENABLE KEYS */;

#
# Structure for table "pelanggan"
#

DROP TABLE IF EXISTS `pelanggan`;
CREATE TABLE `pelanggan` (
  `KDPLG` varchar(255) DEFAULT NULL,
  `NMPLG` varchar(255) DEFAULT NULL,
  `TELEPON` varchar(255) DEFAULT NULL,
  `PEKERJAAN` varchar(255) DEFAULT NULL
) ENGINE=MyISAM DEFAULT CHARSET=latin1;

#
# Data for table "pelanggan"
#

/*!40000 ALTER TABLE `pelanggan` DISABLE KEYS */;
INSERT INTO `pelanggan` VALUES ('P0001','ANITA DIANA','021221919588','GURU'),('P0002','NONI JULIASARI','021730554800','PNS'),('P0003','BAMBANG PRIAMBODO','021589076161','SALES'),('P0004','DIAN ANUBHAKTI','021379183954','MASINIS'),('P0005','WULANDARI','022114609482','PILOT'),('P0006','CUCU CAHYATI','021221919588','PRAMUGARI'),('P0007','YAYAN KURNIAWAN','021730554800','SALES'),('P0008','SEJAGAT SAKTI','021221919588','DOSEN'),('P0009','SUTARMAN','021730554800','IBU RT'),('P0010','SUPARMAN','021589076161','GURU'),('P0011','DEDE APRIADI','021379183954','PNS'),('P0012','KURNIA PUTRI','022114609482','SALES'),('P0013','SEJATI WALUYO','021221919588','MASINIS'),('P0014','LUSI FAJARITA','021730554800','PILOT'),('P0015','LARASATI SINTA DEWI','021221919588','PRAMUGARI'),('P0016','JESICA ISKANDAR','021730554800','SALES'),('P0017','AGUNG PUTRA','021589076161','DOSEN'),('P0018','FERDIANSYAH','021379183954','IBU RT'),('P0019','DESI ANGGRAINI','022114609482','GURU'),('P0020','AGNES MONICA','021221919588','PNS'),('P0021','MEGA PUTRI','021730554800','SALES'),('P0022','DEWI KUSUMANINGSIH','021221919588','MASINIS'),('P0023','RISTONO','021730554800','PILOT'),('P0024','JOKO SUTRISNO','021221919588','PRAMUGARI'),('P0301','ARSANTI','085690901212','SALES'),('P0302','WENDI HASIM','082110101010','DOSEN'),('P0303','RITA SUGIARTO','081320203444','IBU RT');
/*!40000 ALTER TABLE `pelanggan` ENABLE KEYS */;

#
# Structure for table "sales"
#

DROP TABLE IF EXISTS `sales`;
CREATE TABLE `sales` (
  `KDSALES` varchar(255) DEFAULT NULL,
  `NMSALES` varchar(255) DEFAULT NULL,
  `PENDIDIKAN` varchar(255) DEFAULT NULL
) ENGINE=MyISAM DEFAULT CHARSET=latin1 ROW_FORMAT=DYNAMIC;

#
# Data for table "sales"
#

/*!40000 ALTER TABLE `sales` DISABLE KEYS */;
INSERT INTO `sales` VALUES ('S001','ANDI','SMA'),('S002','DINA','SMA'),('S003','EKA','S1'),('S004','EKA CS','S1'),('S005','ENGKOH','S1'),('S006','GORDIN','D3'),('S007','KHOLID','D3'),('S008','ROMIH','SMA'),('S009','AGNES','SMA'),('S010','ZAKARIA','D3'),('S011','ZAKARIA CS','SMA');
/*!40000 ALTER TABLE `sales` ENABLE KEYS */;

#
# Structure for table "sewa"
#

DROP TABLE IF EXISTS `sewa`;
CREATE TABLE `sewa` (
  `NOSEWA` varchar(255) DEFAULT NULL,
  `TGLSEWA` datetime DEFAULT NULL,
  `KDPLG` varchar(255) DEFAULT NULL,
  `KDCABANG` varchar(255) DEFAULT NULL,
  `KDGEDUNG` varchar(255) DEFAULT NULL,
  `KDSALES` varchar(255) DEFAULT NULL,
  `JUMLAH` double DEFAULT NULL
) ENGINE=MyISAM DEFAULT CHARSET=latin1;

#
# Data for table "sewa"
#

/*!40000 ALTER TABLE `sewa` DISABLE KEYS */;
INSERT INTO `sewa` VALUES ('SW1401001','2014-01-02 00:00:00','P0001','CB001','GD001','S001',2),('SW1401002','2014-01-02 00:00:00','P0002','CB002','GD002','S002',4),('SW1401003','2014-01-03 00:00:00','P0003','CB003','GD003','S003',1),('SW1401004','2014-01-03 00:00:00','P0004','CB004','GD004','S004',2),('SW1401005','2014-01-06 00:00:00','P0005','CB005','GD005','S005',2),('SW1401006','2014-01-06 00:00:00','P0006','CB006','GD006','S006',1),('SW1401007','2014-01-06 00:00:00','P0007','CB007','GD007','S007',1),('SW1401008','2014-01-07 00:00:00','P0008','CB001','GD008','S008',2),('SW1401009','2014-01-08 00:00:00','P0009','CB002','GD009','S009',5),('SW1401010','2014-01-09 00:00:00','P0010','CB003','GD001','S010',2),('SW1401011','2014-01-09 00:00:00','P0011','CB004','GD002','S011',2),('SW1401012','2014-01-10 00:00:00','P0012','CB005','GD003','S001',1),('SW1401013','2014-01-13 00:00:00','P0013','CB006','GD004','S002',3),('SW1401014','2014-01-15 00:00:00','P0014','CB007','GD005','S003',4),('SW1401015','2014-01-15 00:00:00','P0015','CB001','GD006','S004',6),('SW1401016','2014-01-16 00:00:00','P0016','CB002','GD007','S005',2),('SW1401017','2014-01-16 00:00:00','P0017','CB003','GD008','S001',4),('SW1401018','2014-01-17 00:00:00','P0018','CB004','GD009','S002',1),('SW1401019','2014-01-20 00:00:00','P0019','CB005','GD001','S003',2),('SW1401020','2014-01-20 00:00:00','P0020','CB006','GD002','S004',2),('SW1401021','2014-01-20 00:00:00','P0021','CB007','GD003','S005',1),('SW1401022','2014-01-21 00:00:00','P0022','CB001','GD004','S006',1),('SW1401023','2014-01-22 00:00:00','P0023','CB002','GD005','S007',2),('SW1401024','2014-01-22 00:00:00','P0024','CB003','GD006','S008',5),('SW1401025','2014-01-22 00:00:00','P0301','CB004','GD007','S009',2),('SW1401026','2014-01-23 00:00:00','P0302','CB005','GD008','S010',2),('SW1401027','2014-01-24 00:00:00','P0303','CB006','GD009','S011',1),('SW1401028','2014-01-27 00:00:00','P0001','CB007','GD001','S001',3),('SW1401029','2014-01-28 00:00:00','P0002','CB001','GD002','S002',4),('SW1401030','2014-01-29 00:00:00','P0003','CB002','GD003','S003',6),('SW1402001','2014-02-03 00:00:00','P0004','CB003','GD004','S004',2),('SW1402002','2014-02-03 00:00:00','P0005','CB004','GD005','S005',4),('SW1402003','2014-02-03 00:00:00','P0006','CB005','GD006','S001',1),('SW1402004','2014-02-04 00:00:00','P0007','CB006','GD007','S002',2),('SW1402005','2014-02-05 00:00:00','P0008','CB007','GD008','S003',2),('SW1402006','2014-02-06 00:00:00','P0009','CB001','GD009','S004',1),('SW1402007','2014-02-07 00:00:00','P0010','CB002','GD001','S005',1),('SW1402008','2014-02-10 00:00:00','P0011','CB003','GD002','S006',2),('SW1402009','2014-02-10 00:00:00','P0012','CB004','GD003','S007',5),('SW1402010','2014-02-11 00:00:00','P0013','CB005','GD004','S008',2),('SW1402011','2014-02-11 00:00:00','P0014','CB006','GD005','S009',2),('SW1402012','2014-02-12 00:00:00','P0015','CB007','GD006','S010',1),('SW1402013','2014-02-13 00:00:00','P0016','CB001','GD007','S011',3),('SW1402014','2014-02-14 00:00:00','P0017','CB002','GD008','S001',4),('SW1402015','2014-02-14 00:00:00','P0018','CB003','GD009','S002',6),('SW1402016','2014-02-17 00:00:00','P0019','CB004','GD001','S003',2),('SW1402017','2014-02-17 00:00:00','P0020','CB005','GD002','S004',4),('SW1402018','2014-02-18 00:00:00','P0021','CB006','GD003','S005',1),('SW1402019','2014-02-19 00:00:00','P0022','CB007','GD004','S001',2),('SW1402020','2014-02-20 00:00:00','P0023','CB001','GD005','S002',2),('SW1402021','2014-02-21 00:00:00','P0024','CB002','GD006','S003',1),('SW1402022','2014-02-24 00:00:00','P0301','CB003','GD007','S004',1),('SW1402023','2014-02-24 00:00:00','P0302','CB004','GD008','S005',2),('SW1402024','2014-02-25 00:00:00','P0303','CB005','GD009','S006',5),('SW1402025','2014-02-26 00:00:00','P0001','CB006','GD001','S007',2),('SW1402026','2014-02-27 00:00:00','P0002','CB007','GD002','S008',2),('SW1403001','2014-03-02 00:00:00','P0003','CB001','GD003','S009',1),('SW1403002','2014-03-02 00:00:00','P0004','CB002','GD004','S010',3),('SW1403003','2014-03-03 00:00:00','P0005','CB003','GD005','S011',4),('SW1403004','2014-03-03 00:00:00','P0006','CB004','GD006','S001',6),('SW1403005','2014-03-06 00:00:00','P0007','CB005','GD007','S002',2),('SW1403006','2014-03-06 00:00:00','P0008','CB006','GD008','S003',4),('SW1403007','2014-03-06 00:00:00','P0009','CB007','GD009','S004',1),('SW1403008','2014-03-07 00:00:00','P0010','CB001','GD001','S005',2),('SW1403009','2014-03-08 00:00:00','P0011','CB002','GD002','S001',2),('SW1403010','2014-03-09 00:00:00','P0012','CB003','GD003','S002',1),('SW1403011','2014-03-09 00:00:00','P0013','CB004','GD004','S003',1),('SW1403012','2014-03-10 00:00:00','P0014','CB005','GD005','S004',2),('SW1403013','2014-03-13 00:00:00','P0015','CB006','GD006','S005',5),('SW1403014','2014-03-15 00:00:00','P0016','CB007','GD007','S006',2),('SW1403015','2014-03-15 00:00:00','P0017','CB001','GD008','S007',2),('SW1403016','2014-03-16 00:00:00','P0018','CB002','GD009','S008',1),('SW1403017','2014-03-16 00:00:00','P0019','CB003','GD001','S009',3),('SW1403018','2014-03-17 00:00:00','P0020','CB004','GD002','S010',4),('SW1403019','2014-03-20 00:00:00','P0021','CB005','GD003','S011',6),('SW1403020','2014-03-20 00:00:00','P0022','CB006','GD004','S001',2),('SW1403021','2014-03-20 00:00:00','P0023','CB007','GD005','S002',4),('SW1403022','2014-03-21 00:00:00','P0024','CB001','GD006','S003',1),('SW1403023','2014-03-22 00:00:00','P0301','CB002','GD007','S004',2),('SW1403024','2014-03-22 00:00:00','P0302','CB003','GD008','S005',2),('SW1403025','2014-03-22 00:00:00','P0303','CB004','GD009','S001',1),('SW1403026','2014-03-23 00:00:00','P0001','CB005','GD001','S002',1),('SW1403027','2014-03-24 00:00:00','P0002','CB006','GD002','S003',2),('SW1403028','2014-03-27 00:00:00','P0003','CB007','GD003','S004',5),('SW1403029','2014-03-28 00:00:00','P0004','CB001','GD004','S005',2),('SW1403030','2014-03-29 00:00:00','P0005','CB002','GD005','S006',2),('SW1404001','2014-04-03 00:00:00','P0006','CB003','GD006','S007',1),('SW1404002','2014-04-03 00:00:00','P0007','CB004','GD007','S008',3),('SW1404003','2014-04-03 00:00:00','P0008','CB005','GD008','S009',4),('SW1404004','2014-04-04 00:00:00','P0009','CB006','GD009','S010',6),('SW1404005','2014-04-05 00:00:00','P0010','CB007','GD001','S011',2),('SW1404006','2014-04-06 00:00:00','P0011','CB001','GD002','S001',4),('SW1404007','2014-04-07 00:00:00','P0012','CB002','GD003','S002',1),('SW1404008','2014-04-10 00:00:00','P0013','CB003','GD004','S003',2),('SW1404009','2014-04-10 00:00:00','P0014','CB004','GD005','S004',2),('SW1404010','2014-04-11 00:00:00','P0015','CB005','GD006','S005',1),('SW1404011','2014-04-11 00:00:00','P0016','CB006','GD007','S001',1),('SW1404012','2014-04-12 00:00:00','P0017','CB007','GD008','S002',2),('SW1404013','2014-04-13 00:00:00','P0018','CB001','GD009','S003',5),('SW1404014','2014-04-14 00:00:00','P0019','CB002','GD001','S004',2),('SW1404015','2014-04-14 00:00:00','P0020','CB003','GD002','S005',2),('SW1404016','2014-04-17 00:00:00','P0021','CB004','GD003','S006',1),('SW1404017','2014-04-17 00:00:00','P0022','CB005','GD004','S007',3),('SW1404018','2014-04-18 00:00:00','P0023','CB006','GD005','S008',4),('SW1404019','2014-04-19 00:00:00','P0024','CB007','GD006','S009',6),('SW1404020','2014-04-20 00:00:00','P0301','CB001','GD007','S010',2),('SW1404021','2014-04-21 00:00:00','P0302','CB002','GD008','S011',4),('SW1404022','2014-04-24 00:00:00','P0303','CB003','GD009','S005',1),('SW1404023','2014-04-24 00:00:00','P0001','CB004','GD001','S001',2),('SW1404024','2014-04-25 00:00:00','P0002','CB005','GD002','S002',2),('SW1404025','2014-04-26 00:00:00','P0003','CB006','GD003','S003',1),('SW1404026','2014-04-27 00:00:00','P0004','CB007','GD004','S004',1),('SW1405001','2014-05-01 00:00:00','P0005','CB001','GD005','S005',2),('SW1405002','2014-05-02 00:00:00','P0006','CB002','GD006','S002',5),('SW1405003','2014-05-03 00:00:00','P0007','CB003','GD007','S003',2),('SW1405004','2014-05-03 00:00:00','P0008','CB004','GD008','S004',2),('SW1405005','2014-05-06 00:00:00','P0009','CB005','GD009','S005',1),('SW1405006','2014-05-06 00:00:00','P0010','CB006','GD001','S006',3),('SW1405007','2014-05-06 00:00:00','P0011','CB007','GD002','S007',4),('SW1405008','2014-05-07 00:00:00','P0012','CB001','GD003','S008',6),('SW1405009','2014-05-08 00:00:00','P0013','CB002','GD004','S009',2),('SW1405010','2014-05-09 00:00:00','P0014','CB003','GD005','S010',4),('SW1405011','2014-05-09 00:00:00','P0015','CB004','GD006','S011',1),('SW1405012','2014-05-10 00:00:00','P0016','CB005','GD007','S001',2),('SW1405013','2014-05-13 00:00:00','P0017','CB006','GD008','S002',2),('SW1405014','2014-05-15 00:00:00','P0018','CB007','GD009','S003',1),('SW1405015','2014-05-15 00:00:00','P0019','CB001','GD001','S004',1),('SW1405016','2014-05-16 00:00:00','P0020','CB002','GD002','S005',2),('SW1405017','2014-05-16 00:00:00','P0021','CB003','GD003','S001',5),('SW1405018','2014-05-17 00:00:00','P0022','CB004','GD004','S002',2),('SW1405019','2014-05-20 00:00:00','P0023','CB005','GD005','S003',2),('SW1405020','2014-05-20 00:00:00','P0024','CB006','GD006','S004',1),('SW1405021','2014-05-20 00:00:00','P0301','CB007','GD007','S005',3),('SW1405022','2014-05-21 00:00:00','P0302','CB001','GD008','S006',4),('SW1405023','2014-05-22 00:00:00','P0303','CB002','GD009','S007',6),('SW1405024','2014-05-22 00:00:00','P0001','CB003','GD001','S008',2),('SW1405025','2014-05-22 00:00:00','P0002','CB004','GD002','S009',4),('SW1405026','2014-05-23 00:00:00','P0003','CB005','GD003','S010',1),('SW1405027','2014-05-24 00:00:00','P0004','CB006','GD004','S011',2),('SW1405028','2014-05-27 00:00:00','P0005','CB007','GD005','S001',2),('SW1405029','2014-05-28 00:00:00','P0006','CB001','GD006','S002',1),('SW1405030','2014-05-29 00:00:00','P0007','CB002','GD007','S003',1),('SW1601001','2016-01-02 00:00:00','P0008','CB003','GD008','S004',2),('SW1601002','2016-01-03 00:00:00','P0009','CB004','GD009','S005',5),('SW1601003','2016-01-05 00:00:00','P0010','CB005','GD001','S001',2),('SW1605001','2016-01-02 00:00:00','P0011','CB006','GD002','S002',2),('SW1605002','2016-01-02 00:00:00','P0012','CB007','GD003','S003',1),('SW1801001','2018-01-02 00:00:00','P0013','CB001','GD004','S004',3),('SW1801002','2018-01-02 00:00:00','P0014','CB002','GD005','S005',4),('SW1801003','2018-01-03 00:00:00','P0015','CB003','GD006','S006',6),('SW1801004','2018-01-03 00:00:00','P0016','CB004','GD007','S007',2),('SW1801005','2018-01-06 00:00:00','P0017','CB005','GD008','S008',4),('SW1801006','2018-01-06 00:00:00','P0018','CB006','GD009','S009',1),('SW1801007','2018-01-06 00:00:00','P0019','CB007','GD001','S010',2),('SW1801008','2018-01-07 00:00:00','P0020','CB001','GD002','S011',2),('SW1801009','2018-01-08 00:00:00','P0021','CB002','GD003','S001',1),('SW1801010','2018-01-09 00:00:00','P0022','CB003','GD004','S002',1),('SW1801011','2018-01-09 00:00:00','P0023','CB004','GD005','S003',2),('SW1801012','2018-01-10 00:00:00','P0024','CB005','GD006','S004',5),('SW1801013','2018-01-13 00:00:00','P0301','CB006','GD007','S005',2),('SW1801014','2018-01-15 00:00:00','P0302','CB007','GD008','S006',2),('SW1801015','2018-01-15 00:00:00','P0303','CB001','GD009','S007',1),('SW1801016','2018-01-16 00:00:00','P0001','CB002','GD001','S008',3),('SW1801017','2018-01-16 00:00:00','P0002','CB003','GD002','S009',4),('SW1801018','2018-01-17 00:00:00','P0003','CB004','GD003','S010',6),('SW1801019','2018-01-20 00:00:00','P0004','CB005','GD004','S011',2),('SW1801020','2018-01-20 00:00:00','P0005','CB006','GD005','S001',4),('SW1801021','2018-01-20 00:00:00','P0006','CB007','GD006','S002',1),('SW1801022','2018-01-21 00:00:00','P0007','CB001','GD007','S003',2),('SW1801023','2018-01-22 00:00:00','P0008','CB002','GD008','S004',2),('SW1801024','2018-01-22 00:00:00','P0009','CB003','GD009','S005',1),('SW1801025','2018-01-22 00:00:00','P0010','CB004','GD001','S006',1),('SW1801026','2018-01-23 00:00:00','P0011','CB005','GD002','S007',2),('SW1801027','2018-01-24 00:00:00','P0012','CB006','GD003','S008',5),('SW1801028','2018-01-27 00:00:00','P0013','CB007','GD004','S009',2),('SW1801029','2018-01-28 00:00:00','P0014','CB001','GD005','S010',2),('SW1801030','2018-01-29 00:00:00','P0015','CB002','GD006','S011',1);
/*!40000 ALTER TABLE `sewa` ENABLE KEYS */;
