# Host: localhost  (Version 5.5.5-10.4.24-MariaDB)
# Date: 2022-11-28 22:36:34
# Generator: MySQL-Front 6.0  (Build 2.20)


#
# Structure for table "cabang_dim"
#

DROP TABLE IF EXISTS `cabang_dim`;
CREATE TABLE `cabang_dim` (
  `cabang_id` int(11) NOT NULL AUTO_INCREMENT,
  `KDCABANG` varchar(255) DEFAULT NULL,
  `NMCABANG` varchar(255) DEFAULT NULL,
  PRIMARY KEY (`cabang_id`)
) ENGINE=InnoDB AUTO_INCREMENT=8 DEFAULT CHARSET=latin1;

#
# Data for table "cabang_dim"
#

INSERT INTO `cabang_dim` VALUES (1,'CB001','YOGYAKARTA'),(2,'CB002','SURABAYA'),(3,'CB003','SEMARANG'),(4,'CB004','JAKARTA'),(5,'CB005','BANDUNG'),(6,'CB006','BOGOR'),(7,'CB007','SERANG');

#
# Structure for table "gedung_dim"
#

DROP TABLE IF EXISTS `gedung_dim`;
CREATE TABLE `gedung_dim` (
  `gedung_id` int(11) NOT NULL AUTO_INCREMENT,
  `KDGEDUNG` varchar(255) DEFAULT NULL,
  `NMGEDUNG` varchar(255) DEFAULT NULL,
  `HARGA` double DEFAULT NULL,
  PRIMARY KEY (`gedung_id`)
) ENGINE=InnoDB AUTO_INCREMENT=10 DEFAULT CHARSET=latin1;

#
# Data for table "gedung_dim"
#

INSERT INTO `gedung_dim` VALUES (1,'GD001','GEDUNG AUDITORIUM',355000),(2,'GD002','GEDUNG THEATER',280000),(3,'GD003','GEDUNG SERBAGUNA',250000),(4,'GD004','GEDUNG RAPAT',225000),(5,'GD005','GEDUNG BIRU',250000),(6,'GD006','GEDUNG PERTEMUAN',250000),(7,'GD007','GRAHA MARDIKA',345000),(8,'GD008','GRAHA MERDEKA',275000),(9,'GD009','GRAHA SENTOSA',225000);

#
# Structure for table "pelanggan_dim"
#

DROP TABLE IF EXISTS `pelanggan_dim`;
CREATE TABLE `pelanggan_dim` (
  `pelanggan_id` int(11) NOT NULL AUTO_INCREMENT,
  `KDPLG` varchar(255) DEFAULT NULL,
  `NMPLG` varchar(255) DEFAULT NULL,
  `TELEPON` varchar(255) DEFAULT NULL,
  `PEKERJAAN` varchar(255) DEFAULT NULL,
  PRIMARY KEY (`pelanggan_id`)
) ENGINE=InnoDB AUTO_INCREMENT=28 DEFAULT CHARSET=latin1;

#
# Data for table "pelanggan_dim"
#

INSERT INTO `pelanggan_dim` VALUES (1,'P0001','ANITA DIANA','021221919588','GURU'),(2,'P0002','NONI JULIASARI','021730554800','PNS'),(3,'P0003','BAMBANG PRIAMBODO','021589076161','SALES'),(4,'P0004','DIAN ANUBHAKTI','021379183954','MASINIS'),(5,'P0005','WULANDARI','022114609482','PILOT'),(6,'P0006','CUCU CAHYATI','021221919588','PRAMUGARI'),(7,'P0007','YAYAN KURNIAWAN','021730554800','SALES'),(8,'P0008','SEJAGAT SAKTI','021221919588','DOSEN'),(9,'P0009','SUTARMAN','021730554800','IBU RT'),(10,'P0010','SUPARMAN','021589076161','GURU'),(11,'P0011','DEDE APRIADI','021379183954','PNS'),(12,'P0012','KURNIA PUTRI','022114609482','SALES'),(13,'P0013','SEJATI WALUYO','021221919588','MASINIS'),(14,'P0014','LUSI FAJARITA','021730554800','PILOT'),(15,'P0015','LARASATI SINTA DEWI','021221919588','PRAMUGARI'),(16,'P0016','JESICA ISKANDAR','021730554800','SALES'),(17,'P0017','AGUNG PUTRA','021589076161','DOSEN'),(18,'P0018','FERDIANSYAH','021379183954','IBU RT'),(19,'P0019','DESI ANGGRAINI','022114609482','GURU'),(20,'P0020','AGNES MONICA','021221919588','PNS'),(21,'P0021','MEGA PUTRI','021730554800','SALES'),(22,'P0022','DEWI KUSUMANINGSIH','021221919588','MASINIS'),(23,'P0023','RISTONO','021730554800','PILOT'),(24,'P0024','JOKO SUTRISNO','021221919588','PRAMUGARI'),(25,'P0301','ARSANTI','085690901212','SALES'),(26,'P0302','WENDI HASIM','082110101010','DOSEN'),(27,'P0303','RITA SUGIARTO','081320203444','IBU RT');

#
# Structure for table "periode_dim"
#

DROP TABLE IF EXISTS `periode_dim`;
CREATE TABLE `periode_dim` (
  `periode_id` int(11) NOT NULL AUTO_INCREMENT,
  `TAHUN` varchar(12) DEFAULT NULL,
  `BULAN` varchar(10) DEFAULT NULL,
  PRIMARY KEY (`periode_id`)
) ENGINE=InnoDB AUTO_INCREMENT=8 DEFAULT CHARSET=latin1;

#
# Data for table "periode_dim"
#

INSERT INTO `periode_dim` VALUES (1,'2014','01'),(2,'2014','02'),(3,'2014','03'),(4,'2014','04'),(5,'2014','05'),(6,'2016','01'),(7,'2018','01');

#
# Structure for table "sales_dim"
#

DROP TABLE IF EXISTS `sales_dim`;
CREATE TABLE `sales_dim` (
  `sales_id` int(11) NOT NULL AUTO_INCREMENT,
  `KDSALES` varchar(255) DEFAULT NULL,
  `NMSALES` varchar(255) DEFAULT NULL,
  `PENDIDIKAN` varchar(255) DEFAULT NULL,
  PRIMARY KEY (`sales_id`)
) ENGINE=InnoDB AUTO_INCREMENT=12 DEFAULT CHARSET=latin1;

#
# Data for table "sales_dim"
#

INSERT INTO `sales_dim` VALUES (1,'S001','ANDI','SMA'),(2,'S002','DINA','SMA'),(3,'S003','EKA','S1'),(4,'S004','EKA CS','S1'),(5,'S005','ENGKOH','S1'),(6,'S006','GORDIN','D3'),(7,'S007','KHOLID','D3'),(8,'S008','ROMIH','SMA'),(9,'S009','AGNES','SMA'),(10,'S010','ZAKARIA','D3'),(11,'S011','ZAKARIA CS','SMA');

#
# Structure for table "sewa_fact"
#

DROP TABLE IF EXISTS `sewa_fact`;
CREATE TABLE `sewa_fact` (
  `sewa_id` int(11) NOT NULL AUTO_INCREMENT,
  `NOSEWA` varchar(255) DEFAULT NULL,
  `cabang_id` int(11) DEFAULT NULL,
  `gedung_id` int(11) DEFAULT NULL,
  `pelanggan_id` int(11) DEFAULT NULL,
  `sales_id` int(11) DEFAULT NULL,
  `periode_id` int(11) DEFAULT NULL,
  `total_bayar` double DEFAULT NULL,
  `total_pendapatan` double DEFAULT NULL,
  PRIMARY KEY (`sewa_id`)
) ENGINE=InnoDB AUTO_INCREMENT=178 DEFAULT CHARSET=latin1;

#
# Data for table "sewa_fact"
#

INSERT INTO `sewa_fact` VALUES (1,'SW1401001',1,1,1,1,1,2,1420000),(2,'SW1401002',2,2,2,2,1,4,4480000),(3,'SW1401003',3,3,3,3,1,1,250000),(4,'SW1401004',4,4,4,4,1,2,900000),(5,'SW1401005',5,5,5,5,1,2,1000000),(6,'SW1401006',6,6,6,6,1,1,250000),(7,'SW1401007',7,7,7,7,1,1,345000),(8,'SW1401008',1,8,8,8,1,2,1100000),(9,'SW1401009',2,9,9,9,1,5,5625000),(10,'SW1401010',3,1,10,10,1,2,1420000),(11,'SW1401011',4,2,11,11,1,2,1120000),(12,'SW1401012',5,3,12,1,1,1,250000),(13,'SW1401013',6,4,13,2,1,3,2025000),(14,'SW1401014',7,5,14,3,1,4,4000000),(15,'SW1401015',1,6,15,4,1,6,9000000),(16,'SW1401016',2,7,16,5,1,2,1380000),(17,'SW1401017',3,8,17,1,1,4,4400000),(18,'SW1401018',4,9,18,2,1,1,225000),(19,'SW1401019',5,1,19,3,1,2,1420000),(20,'SW1401020',6,2,20,4,1,2,1120000),(21,'SW1401021',7,3,21,5,1,1,250000),(22,'SW1401022',1,4,22,6,1,1,225000),(23,'SW1401023',2,5,23,7,1,2,1000000),(24,'SW1401024',3,6,24,8,1,5,6250000),(25,'SW1401025',4,7,25,9,1,2,1380000),(26,'SW1401026',5,8,26,10,1,2,1100000),(27,'SW1401027',6,9,27,11,1,1,225000),(28,'SW1401028',7,1,1,1,1,3,3195000),(29,'SW1401029',1,2,2,2,1,4,4480000),(30,'SW1401030',2,3,3,3,1,6,9000000),(31,'SW1402001',3,4,4,4,2,2,900000),(32,'SW1402002',4,5,5,5,2,4,4000000),(33,'SW1402003',5,6,6,1,2,1,250000),(34,'SW1402004',6,7,7,2,2,2,1380000),(35,'SW1402005',7,8,8,3,2,2,1100000),(36,'SW1402006',1,9,9,4,2,1,225000),(37,'SW1402007',2,1,10,5,2,1,355000),(38,'SW1402008',3,2,11,6,2,2,1120000),(39,'SW1402009',4,3,12,7,2,5,6250000),(40,'SW1402010',5,4,13,8,2,2,900000),(41,'SW1402011',6,5,14,9,2,2,1000000),(42,'SW1402012',7,6,15,10,2,1,250000),(43,'SW1402013',1,7,16,11,2,3,3105000),(44,'SW1402014',2,8,17,1,2,4,4400000),(45,'SW1402015',3,9,18,2,2,6,8100000),(46,'SW1402016',4,1,19,3,2,2,1420000),(47,'SW1402017',5,2,20,4,2,4,4480000),(48,'SW1402018',6,3,21,5,2,1,250000),(49,'SW1402019',7,4,22,1,2,2,900000),(50,'SW1402020',1,5,23,2,2,2,1000000),(51,'SW1402021',2,6,24,3,2,1,250000),(52,'SW1402022',3,7,25,4,2,1,345000),(53,'SW1402023',4,8,26,5,2,2,1100000),(54,'SW1402024',5,9,27,6,2,5,5625000),(55,'SW1402025',6,1,1,7,2,2,1420000),(56,'SW1402026',7,2,2,8,2,2,1120000),(57,'SW1403001',1,3,3,9,3,1,250000),(58,'SW1403002',2,4,4,10,3,3,2025000),(59,'SW1403003',3,5,5,11,3,4,4000000),(60,'SW1403004',4,6,6,1,3,6,9000000),(61,'SW1403005',5,7,7,2,3,2,1380000),(62,'SW1403006',6,8,8,3,3,4,4400000),(63,'SW1403007',7,9,9,4,3,1,225000),(64,'SW1403008',1,1,10,5,3,2,1420000),(65,'SW1403009',2,2,11,1,3,2,1120000),(66,'SW1403010',3,3,12,2,3,1,250000),(67,'SW1403011',4,4,13,3,3,1,225000),(68,'SW1403012',5,5,14,4,3,2,1000000),(69,'SW1403013',6,6,15,5,3,5,6250000),(70,'SW1403014',7,7,16,6,3,2,1380000),(71,'SW1403015',1,8,17,7,3,2,1100000),(72,'SW1403016',2,9,18,8,3,1,225000),(73,'SW1403017',3,1,19,9,3,3,3195000),(74,'SW1403018',4,2,20,10,3,4,4480000),(75,'SW1403019',5,3,21,11,3,6,9000000),(76,'SW1403020',6,4,22,1,3,2,900000),(77,'SW1403021',7,5,23,2,3,4,4000000),(78,'SW1403022',1,6,24,3,3,1,250000),(79,'SW1403023',2,7,25,4,3,2,1380000),(80,'SW1403024',3,8,26,5,3,2,1100000),(81,'SW1403025',4,9,27,1,3,1,225000),(82,'SW1403026',5,1,1,2,3,1,355000),(83,'SW1403027',6,2,2,3,3,2,1120000),(84,'SW1403028',7,3,3,4,3,5,6250000),(85,'SW1403029',1,4,4,5,3,2,900000),(86,'SW1403030',2,5,5,6,3,2,1000000),(87,'SW1404001',3,6,6,7,4,1,250000),(88,'SW1404002',4,7,7,8,4,3,3105000),(89,'SW1404003',5,8,8,9,4,4,4400000),(90,'SW1404004',6,9,9,10,4,6,8100000),(91,'SW1404005',7,1,10,11,4,2,1420000),(92,'SW1404006',1,2,11,1,4,4,4480000),(93,'SW1404007',2,3,12,2,4,1,250000),(94,'SW1404008',3,4,13,3,4,2,900000),(95,'SW1404009',4,5,14,4,4,2,1000000),(96,'SW1404010',5,6,15,5,4,1,250000),(97,'SW1404011',6,7,16,1,4,1,345000),(98,'SW1404012',7,8,17,2,4,2,1100000),(99,'SW1404013',1,9,18,3,4,5,5625000),(100,'SW1404014',2,1,19,4,4,2,1420000),(101,'SW1404015',3,2,20,5,4,2,1120000),(102,'SW1404016',4,3,21,6,4,1,250000),(103,'SW1404017',5,4,22,7,4,3,2025000),(104,'SW1404018',6,5,23,8,4,4,4000000),(105,'SW1404019',7,6,24,9,4,6,9000000),(106,'SW1404020',1,7,25,10,4,2,1380000),(107,'SW1404021',2,8,26,11,4,4,4400000),(108,'SW1404022',3,9,27,5,4,1,225000),(109,'SW1404023',4,1,1,1,4,2,1420000),(110,'SW1404024',5,2,2,2,4,2,1120000),(111,'SW1404025',6,3,3,3,4,1,250000),(112,'SW1404026',7,4,4,4,4,1,225000),(113,'SW1405001',1,5,5,5,5,2,1000000),(114,'SW1405002',2,6,6,2,5,5,6250000),(115,'SW1405003',3,7,7,3,5,2,1380000),(116,'SW1405004',4,8,8,4,5,2,1100000),(117,'SW1405005',5,9,9,5,5,1,225000),(118,'SW1405006',6,1,10,6,5,3,3195000),(119,'SW1405007',7,2,11,7,5,4,4480000),(120,'SW1405008',1,3,12,8,5,6,9000000),(121,'SW1405009',2,4,13,9,5,2,900000),(122,'SW1405010',3,5,14,10,5,4,4000000),(123,'SW1405011',4,6,15,11,5,1,250000),(124,'SW1405012',5,7,16,1,5,2,1380000),(125,'SW1405013',6,8,17,2,5,2,1100000),(126,'SW1405014',7,9,18,3,5,1,225000),(127,'SW1405015',1,1,19,4,5,1,355000),(128,'SW1405016',2,2,20,5,5,2,1120000),(129,'SW1405017',3,3,21,1,5,5,6250000),(130,'SW1405018',4,4,22,2,5,2,900000),(131,'SW1405019',5,5,23,3,5,2,1000000),(132,'SW1405020',6,6,24,4,5,1,250000),(133,'SW1405021',7,7,25,5,5,3,3105000),(134,'SW1405022',1,8,26,6,5,4,4400000),(135,'SW1405023',2,9,27,7,5,6,8100000),(136,'SW1405024',3,1,1,8,5,2,1420000),(137,'SW1405025',4,2,2,9,5,4,4480000),(138,'SW1405026',5,3,3,10,5,1,250000),(139,'SW1405027',6,4,4,11,5,2,900000),(140,'SW1405028',7,5,5,1,5,2,1000000),(141,'SW1405029',1,6,6,2,5,1,250000),(142,'SW1405030',2,7,7,3,5,1,345000),(143,'SW1601001',3,8,8,4,6,2,1100000),(144,'SW1601002',4,9,9,5,6,5,5625000),(145,'SW1601003',5,1,10,1,6,2,1420000),(146,'SW1605001',6,2,11,2,6,2,1120000),(147,'SW1605002',7,3,12,3,6,1,250000),(148,'SW1801001',1,4,13,4,7,3,2025000),(149,'SW1801002',2,5,14,5,7,4,4000000),(150,'SW1801003',3,6,15,6,7,6,9000000),(151,'SW1801004',4,7,16,7,7,2,1380000),(152,'SW1801005',5,8,17,8,7,4,4400000),(153,'SW1801006',6,9,18,9,7,1,225000),(154,'SW1801007',7,1,19,10,7,2,1420000),(155,'SW1801008',1,2,20,11,7,2,1120000),(156,'SW1801009',2,3,21,1,7,1,250000),(157,'SW1801010',3,4,22,2,7,1,225000),(158,'SW1801011',4,5,23,3,7,2,1000000),(159,'SW1801012',5,6,24,4,7,5,6250000),(160,'SW1801013',6,7,25,5,7,2,1380000),(161,'SW1801014',7,8,26,6,7,2,1100000),(162,'SW1801015',1,9,27,7,7,1,225000),(163,'SW1801016',2,1,1,8,7,3,3195000),(164,'SW1801017',3,2,2,9,7,4,4480000),(165,'SW1801018',4,3,3,10,7,6,9000000),(166,'SW1801019',5,4,4,11,7,2,900000),(167,'SW1801020',6,5,5,1,7,4,4000000),(168,'SW1801021',7,6,6,2,7,1,250000),(169,'SW1801022',1,7,7,3,7,2,1380000),(170,'SW1801023',2,8,8,4,7,2,1100000),(171,'SW1801024',3,9,9,5,7,1,225000),(172,'SW1801025',4,1,10,6,7,1,355000),(173,'SW1801026',5,2,11,7,7,2,1120000),(174,'SW1801027',6,3,12,8,7,5,6250000),(175,'SW1801028',7,4,13,9,7,2,900000),(176,'SW1801029',1,5,14,10,7,2,1000000),(177,'SW1801030',2,6,15,11,7,1,250000);
